track_id,source_id,source_pack,archive_member,sha256,source_filename,source_title,artist,album,genre,release_year,duration_seconds,sample_rate_hz,channels,file_size_bytes,curated_path,source_collection,group_id,component_role,track_status,roblox_import_eligible,roblox_asset_id,upload_owner,moderation_status,normalized_volume_db,playback_start_seconds,playback_end_seconds,loop_start_seconds,loop_end_seconds,review_status,notes
TB_INTERIOR_BIRDECORATOR_DECORATE,TALLBEARD_MUSIC_LOOP_BUNDLE,music-loop-bundle-2024-q3,Interior Birdecorator Decorate.ogg,f641114df7624b20064e169caea8e77d61ec898c29f7cb819c5938e9c086729a,Interior Birdecorator Decorate.ogg,Decorate,Abstraction,Interior Birdecorator OST,New Age,2024,87.273,44100,2,3364232,music/curated/cohesive/2/Interior Birdecorator Decorate.ogg,cohesive,TB_INTERIOR_BIRDECORATOR,Standalone,Candidate,Yes,,,Not Uploaded,,,,,,Unreviewed,
TB_INTERIOR_BIRDECORATOR_EXPLORE,TALLBEARD_MUSIC_LOOP_BUNDLE,music-loop-bundle-2024-q3,Interior Birdecorator Explore.ogg,55fb15b882cd9f0ec84fb141d9573a19a157a341a8e50259ed674eee51f8d3c1,Interior Birdecorator Explore.ogg,Explore,Abstraction,Interior Birdecorator OST,New Age,2024,101.684,44100,2,3568274,music/curated/cohesive/2/Interior Birdecorator Explore.ogg,cohesive,TB_INTERIOR_BIRDECORATOR,Base,Candidate,Yes,,,Not Uploaded,,,,,,Unreviewed,
TB_INTERIOR_BIRDECORATOR_EXPLORE_CUTE,TALLBEARD_MUSIC_LOOP_BUNDLE,music-loop-bundle-2024-q3,Interior Birdecorator Explore_CUTE.ogg,87f3884775cee3643e4f3748d4d996f1b37d8c8c74e90f488d7fee3fa0512f0f,Interior Birdecorator Explore_CUTE.ogg,Decorate_CUTE,Abstraction,Interior Birdecorator OST,New Age,2024,101.684,44100,2,3565091,music/curated/cohesive/2/Interior Birdecorator Explore_CUTE.ogg,cohesive,TB_INTERIOR_BIRDECORATOR,Variant: Cute,Candidate,Yes,,,Not Uploaded,,,,,,Unreviewed,
TB_INTERIOR_BIRDECORATOR_EXPLORE_FESTIVE,TALLBEARD_MUSIC_LOOP_BUNDLE,music-loop-bundle-2024-q3,Interior Birdecorator Explore_FESTIVE.ogg,1c97edb91481c934566a0a20a42c4019f7525cbc6be1ebd3dbefe8ca78be8a12,Interior Birdecorator Explore_FESTIVE.ogg,Decprate_FESTIVE,Abstraction,Interior Birdecorator OST,New Age,2024,101.684,44100,2,3695592,music/curated/cohesive/2/Interior Birdecorator Explore_FESTIVE.ogg,cohesive,TB_INTERIOR_BIRDECORATOR,Variant: Festive,Candidate,Yes,,,Not Uploaded,,,,,,Unreviewed,
TB_INTERIOR_BIRDECORATOR_EXPLORE_SILLY,TALLBEARD_MUSIC_LOOP_BUNDLE,music-loop-bundle-2024-q3,Interior Birdecorator Explore_SILLY.ogg,4650ec489b16e2f8dd9ee2dd9e34c80b9a0a02bfab2bd2c432da2ef5b220569c,Interior Birdecorator Explore_SILLY.ogg,Decorate_SILLY,Abstraction,Interior Birdecorator OST,New Age,2024,101.684,44100,2,3736520,music/curated/cohesive/2/Interior Birdecorator Explore_SILLY.ogg,cohesive,TB_INTERIOR_BIRDECORATOR,Variant: Silly,Candidate,Yes,,,Not Uploaded,,,,,,Unreviewed,
TB_INTERIOR_BIRDECORATOR_MENU_IN,TALLBEARD_MUSIC_LOOP_BUNDLE,music-loop-bundle-2024-q3,Interior Birdecorator Menu_IN.ogg,77a94905e60f9c09dddf20bcc69cf02985a83e6d0b0921a534013413c27f79fa,Interior Birdecorator Menu_IN.ogg,Menu_IN,Abstraction,Interior Birdecorator OST,New Age,2024,43.636,44100,2,1906663,music/curated/cohesive/2/Interior Birdecorator Menu_IN.ogg,cohesive,TB_INTERIOR_BIRDECORATOR,Intro,Candidate,Yes,,,Not Uploaded,,,,,,Unreviewed,
TB_INTERIOR_BIRDECORATOR_MENU_LOOP,TALLBEARD_MUSIC_LOOP_BUNDLE,music-loop-bundle-2024-q3,Interior Birdecorator Menu_LOOP.ogg,28a3f62eddcea1e30817c04cd934df191d71ea9ca970b252b6834e5d564d84e3,Interior Birdecorator Menu_LOOP.ogg,Menu_LOOP,Abstraction,Interior Birdecorator OST,New Age,2024,32.727,44100,2,1615620,music/curated/cohesive/2/Interior Birdecorator Menu_LOOP.ogg,cohesive,TB_INTERIOR_BIRDECORATOR,Loop,Candidate,Yes,,,Not Uploaded,,,,,,Unreviewed,
TB_SKETCHBOOK_2024_12_18,TALLBEARD_MUSIC_LOOP_BUNDLE,music-loop-bundle-2024-q4,Sketchbook 2024-12-18.ogg,bf0a8d7f337c45b541db3e8a943d0b3dfcaf329833dacc379bcb0d4340321ed3,Sketchbook 2024-12-18.ogg,2024-12-18,Abstraction,Sketchbook,New Age,2024,57.121,44100,2,1660440,music/curated/end/Sketchbook 2024-12-18.ogg,end,,Standalone,Candidate,Yes,,,Not Uploaded,,,,,,Unreviewed,
TB_SKETCHBOOK_2024_12_26,TALLBEARD_MUSIC_LOOP_BUNDLE,music-loop-bundle-2024-q4,Sketchbook 2024-12-26.ogg,62e163b0fcba5fb5560aa5473b485eed3311b33fc447da592183107dde24ea2b,Sketchbook 2024-12-26.ogg,2024-12-26,Abstraction,Sketchbook,New Age,2024,64.000,44100,2,2223729,music/curated/end/Sketchbook 2024-12-26.ogg,end,,Standalone,Candidate,Yes,,,Not Uploaded,,,,,,Unreviewed,
TB_SKETCHBOOK_2024_08_21,TALLBEARD_MUSIC_LOOP_BUNDLE,music-loop-bundle-2024-q3,Sketchbook 2024-08-21.ogg,25379fcf124a57aa3a64ae076893eb2f61c3311125d68be3d7ab09aaa450b23c,Sketchbook 2024-08-21.ogg,2024-08-21,Abstraction,Sketchbook,Electronic,2024,65.455,44100,2,2144386,music/curated/finance/Sketchbook 2024-08-21.ogg,finance,,Standalone,Candidate,Yes,,,Not Uploaded,,,,,,Unreviewed,
TB_SKETCHBOOK_2024_09_25,TALLBEARD_MUSIC_LOOP_BUNDLE,music-loop-bundle-2024-q3,Sketchbook 2024-09-25.ogg,49dbcfd4586e78cebb37d03e1555b1bec281da38917288dfd812dc3b18b8f89e,Sketchbook 2024-09-25.ogg,2024-09-25,Abstraction,Sketchbook,Jazz,2024,90.353,44100,2,2763551,music/curated/finance/Sketchbook 2024-09-25.ogg,finance,,Standalone,Candidate,Yes,,,Not Uploaded,,,,,,Unreviewed,
TB_SKETCHBOOK_2024_11_30,TALLBEARD_MUSIC_LOOP_BUNDLE,music-loop-bundle-2024-q4,Sketchbook 2024-11-30.ogg,2d72df952ea4edb5a37674fd853bbdc0a01d92df38e5c059113640974657311f,Sketchbook 2024-11-30.ogg,2024-11-30,Abstraction,Sketchbook,New Age,2024,67.500,44100,2,2286528,music/curated/finance/Sketchbook 2024-11-30.ogg,finance,,Standalone,Candidate,Yes,,,Not Uploaded,,,,,,Unreviewed,
TB_SKETCHBOOK_2024_12_15,TALLBEARD_MUSIC_LOOP_BUNDLE,music-loop-bundle-2024-q4,Sketchbook 2024-12-15.ogg,1352e52076dfe37a6296c7d7966b42d9bd61aebf43c95a82c5bb9b23dcbe5c2c,Sketchbook 2024-12-15.ogg,2024-12-15,Abstraction,Sketchbook,Chillout,2024,45.176,44100,2,1603163,music/curated/finance/Sketchbook 2024-12-15.ogg,finance,,Standalone,Candidate,Yes,,,Not Uploaded,,,,,,Unreviewed,
TB_SKETCHBOOK_2025_11_26,TALLBEARD_MUSIC_LOOP_BUNDLE,music-loop-bundle-2025-q4,Sketchbook 2025-11-26.ogg,9eeeada5256026c1c2335282b5fb99216cc1ad34e4d5c7ff214231a7ee418393,Sketchbook 2025-11-26.ogg,2025-11-26,Abstraction,Sketchbook,Electronic,2025,70.588,44100,2,3651142,music/curated/finance/Sketchbook 2025-11-26.ogg,finance,,Standalone,Candidate,Yes,,,Not Uploaded,,,,,,Unreviewed,
TB_SKETCHBOOK_2024_07_04,TALLBEARD_MUSIC_LOOP_BUNDLE,music-loop-bundle-2024-q3,Sketchbook 2024-07-04.ogg,9683fc65a6ad7b9c8c2ae246c339ad9f1582618a9ad35da7215a8f5531ce8ecf,Sketchbook 2024-07-04.ogg,2024-07-04,Abstraction,Sketchbook,Electronic,2024,58.667,44100,2,2338426,music/curated/industry/Sketchbook 2024-07-04.ogg,industry,,Standalone,Candidate,Yes,,,Not Uploaded,,,,,,Unreviewed,
TB_SKETCHBOOK_2024_09_18,TALLBEARD_MUSIC_LOOP_BUNDLE,music-loop-bundle-2024-q3,Sketchbook 2024-09-18.ogg,05081bbeb0765a341134b43d168b831d56b8106c64a02eeabb1c6c76d66e39e5,Sketchbook 2024-09-18.ogg,2024-09-18,Abstraction,Sketchbook,Chillout,2024,54.857,44100,2,1849977,music/curated/industry/Sketchbook 2024-09-18.ogg,industry,,Standalone,Candidate,Yes,,,Not Uploaded,,,,,,Unreviewed,
TB_SKETCHBOOK_2024_10_30,TALLBEARD_MUSIC_LOOP_BUNDLE,music-loop-bundle-2024-q4,Sketchbook 2024-10-30.ogg,df4edcd0997cb5952a90e026ed70bc38299d481198bbbc7d218ff793ad15edf8,Sketchbook 2024-10-30.ogg,2024-10-30,Abstraction,Sketchbook,Electronic,2024,53.538,44100,2,2043720,music/curated/industry/Sketchbook 2024-10-30.ogg,industry,,Standalone,Candidate,Yes,,,Not Uploaded,,,,,,Unreviewed,
TB_SKETCHBOOK_2024_11_07,TALLBEARD_MUSIC_LOOP_BUNDLE,music-loop-bundle-2024-q4,Sketchbook 2024-11-07.ogg,7287ccd2a9edfff082b34be99f3c79cc1b97d5913ceba492e677625a86bbeca2,Sketchbook 2024-11-07.ogg,2024-11-07,Abstraction,Sketchbook,Chillout,2024,115.385,44100,2,4138163,music/curated/industry/Sketchbook 2024-11-07.ogg,industry,,Standalone,Candidate,Yes,,,Not Uploaded,,,,,,Unreviewed,
TB_SKETCHBOOK_2024_12_05,TALLBEARD_MUSIC_LOOP_BUNDLE,music-loop-bundle-2024-q4,Sketchbook 2024-12-05.ogg,c6d21a98ca17ee51717576eec5bdf2f3ff914bf5f369be65af8033d62ccd4253,Sketchbook 2024-12-05.ogg,2024-12-05,Abstraction,Sketchbook,Electonic,2024,39.273,44100,2,1598364,music/curated/industry/Sketchbook 2024-12-05.ogg,industry,,Standalone,Candidate,Yes,,,Not Uploaded,,,,,,Unreviewed,
TB_SKETCHBOOK_2025_11_12,TALLBEARD_MUSIC_LOOP_BUNDLE,music-loop-bundle-2025-q4,Sketchbook 2025-11-12.ogg,5db051df02a760ddc26aba2d684b68bfaba520acb186dbb87576772620ba9ab7,Sketchbook 2025-11-12.ogg,2025-11-12,Abstraction,Sketchbook,Electronic,2025,69.818,44100,2,4374814,music/curated/industry/Sketchbook 2025-11-12.ogg,industry,,Standalone,Candidate,Yes,,,Not Uploaded,,,,,,Unreviewed,
TB_SKETCHBOOK_2024_04_24_03,TALLBEARD_MUSIC_LOOP_BUNDLE,music-loop-bundle-2024-q2,Sketchbook 2024-04-24_03.ogg,48c196a265aa4399fcf23854220485b7efd99c35965d29c79008e8471e7c751a,Sketchbook 2024-04-24_03.ogg,2024-04-24_03,Abstraction,Sketchbook,Electronic,2024,40.421,44100,2,1137659,music/curated/intro/Sketchbook 2024-04-24_03.ogg,intro,,Standalone,Candidate,Yes,,,Not Uploaded,,,,,,Unreviewed,
TB_SKETCHBOOK_2025_11_23,TALLBEARD_MUSIC_LOOP_BUNDLE,music-loop-bundle-2025-q4,Sketchbook 2025-11-23.ogg,f622f76b9495677f28ad2122aaf7a081d588fb9f23760324f5a6869e2ac50876,Sketchbook 2025-11-23.ogg,2025-11-23,Abstraction,Sketchbook,Electronic,2025,45.176,44100,2,2389683,music/curated/intro/Sketchbook 2025-11-23.ogg,intro,,Standalone,Candidate,Yes,,,Not Uploaded,,,,,,Unreviewed,
TB_SKETCHBOOK_2024_07_07,TALLBEARD_MUSIC_LOOP_BUNDLE,music-loop-bundle-2024-q3,Sketchbook 2024-07-07.ogg,6677a7058c8be0084493c2be171c676b111af58fc8b9faef3cb9f5f075e02dbc,Sketchbook 2024-07-07.ogg,2024-07-07,Abstraction,Sketchbook,Ambient,2024,55.890,44100,2,1744056,music/curated/old slime/Sketchbook 2024-07-07.ogg,old slime,,Standalone,Candidate,Yes,,,Not Uploaded,,,,,,Unreviewed,
TB_SKETCHBOOK_2025_12_17_CHILL,TALLBEARD_MUSIC_LOOP_BUNDLE,music-loop-bundle-2025-q4,Sketchbook 2025-12-17_CHILL.ogg,bf92a7dab74c1d461c6f85f34137d480479418ee0a4d65149ee9c014d803c455,Sketchbook 2025-12-17_CHILL.ogg,2025-12-17 CHILL,Abstraction,Sketchbook,Electronic,2025,33.391,44100,2,2243128,music/curated/old slime/Sketchbook 2025-12-17_CHILL.ogg,old slime,TB_SKETCHBOOK_2025_12_17,Variant: Chill,Candidate,Yes,,,Not Uploaded,,,,,,Unreviewed,
TB_SKETCHBOOK_2025_12_17_SOFT,TALLBEARD_MUSIC_LOOP_BUNDLE,music-loop-bundle-2025-q4,Sketchbook 2025-12-17_SOFT.ogg,db09dcc1869d209ac5917fd237dd1edec2a5d5ae8f83bb82668243beb4c89cf6,Sketchbook 2025-12-17_SOFT.ogg,2025-12-17 SOFT,Abstraction,Sketchbook,Electronic,2025,33.391,44100,2,2099032,music/curated/old slime/Sketchbook 2025-12-17_SOFT.ogg,old slime,TB_SKETCHBOOK_2025_12_17,Variant: Soft,Candidate,Yes,,,Not Uploaded,,,,,,Unreviewed,
TB_SKETCHBOOK_2024_05_08,TALLBEARD_MUSIC_LOOP_BUNDLE,music-loop-bundle-2024-q2,Sketchbook 2024-05-08.ogg,3abadfdf8925a5f8549b621be90dfe398dacdbf85fce9a8a16ad063ab1ded9ea,Sketchbook 2024-05-08.ogg,2024-05-08,Abstraction,Sketchbook,Synthwave,2024,51.000,44100,2,1880811,music/curated/post-intro/Sketchbook 2024-05-08.ogg,post-intro,,Standalone,Candidate,Yes,,,Not Uploaded,,,,,,Unreviewed,
TB_SKETCHBOOK_2024_06_05_01,TALLBEARD_MUSIC_LOOP_BUNDLE,music-loop-bundle-2024-q2,Sketchbook 2024-06-05_01.ogg,9a5d9da666b74c4eac1a70443d066bbb6612d21225a419994c89c1351b54477a,Sketchbook 2024-06-05_01.ogg,2024-06-05_01,Abstraction,Sketchbook,Electronic,2024,38.400,44100,2,1243198,music/curated/post-intro/Sketchbook 2024-06-05_01.ogg,post-intro,,Standalone,Candidate,Yes,,,Not Uploaded,,,,,,Unreviewed,
TB_SKETCHBOOK_2024_06_19,TALLBEARD_MUSIC_LOOP_BUNDLE,music-loop-bundle-2024-q2,Sketchbook 2024-06-19.ogg,a8ad37cb5148a3ee6ac0607ea6a0d6ebf826491d992c03bddc81981f03a8a652,Sketchbook 2024-06-19.ogg,2024-06-19,Abstraction,Sketchbook,Chillout,2024,61.538,44100,2,1976027,music/curated/post-intro/Sketchbook 2024-06-19.ogg,post-intro,,Standalone,Candidate,Yes,,,Not Uploaded,,,,,,Unreviewed,
TB_SKETCHBOOK_2024_08_13,TALLBEARD_MUSIC_LOOP_BUNDLE,music-loop-bundle-2024-q3,Sketchbook 2024-08-13.ogg,e1336b94a7a0343924dd1d2ec568d829e1b73ccea161607b289afcb460a72bc3,Sketchbook 2024-08-13.ogg,2024-08-13,Abstraction,Sketchbook,Ambient,2024,88.941,44100,2,2946097,music/curated/post-intro/Sketchbook 2024-08-13.ogg,post-intro,,Standalone,Candidate,Yes,,,Not Uploaded,,,,,,Unreviewed,
TB_SKETCHBOOK_2024_09_12,TALLBEARD_MUSIC_LOOP_BUNDLE,music-loop-bundle-2024-q3,Sketchbook 2024-09-12.ogg,31dba32afb5c6795b0d3d4fdc76c5b20022e20166a20dc6cb9505fb937e4f3d6,Sketchbook 2024-09-12.ogg,2024-09-12,Abstraction,Sketchbook,Chillout,2024,103.385,44100,2,3597306,music/curated/post-intro/Sketchbook 2024-09-12.ogg,post-intro,,Standalone,Candidate,Yes,,,Not Uploaded,,,,,,Unreviewed,
TB_SKETCHBOOK_2025_12_11_BREAKDOWN,TALLBEARD_MUSIC_LOOP_BUNDLE,music-loop-bundle-2025-q4,Sketchbook 2025-12-11_BREAKDOWN.ogg,a477c098c6a8e77ed174af1b7c8165c8d72d7d463032795a1e51d88a4f6568f9,Sketchbook 2025-12-11_BREAKDOWN.ogg,2025-12-11 BREAKDOWN,Abstraction,Sketchbook,Electronic,2025,20.870,44100,2,1348581,music/curated/put together/1/Sketchbook 2025-12-11_BREAKDOWN.ogg,put together,TB_SKETCHBOOK_2025_12_11,Breakdown,Component Only,Yes,,,Not Uploaded,,,,,,Unreviewed,
TB_SKETCHBOOK_2025_12_11_INTRO,TALLBEARD_MUSIC_LOOP_BUNDLE,music-loop-bundle-2025-q4,Sketchbook 2025-12-11_INTRO.ogg,bf3562622c754d1e42d2445b3a6eac38064d89b17f650b3b971b12f51c5ad171,Sketchbook 2025-12-11_INTRO.ogg,2025-12-11 INTRO,Abstraction,Sketchbook,Electronic,2025,20.870,44100,2,1375207,music/curated/put together/1/Sketchbook 2025-12-11_INTRO.ogg,put together,TB_SKETCHBOOK_2025_12_11,Intro,Component Only,Yes,,,Not Uploaded,,,,,,Unreviewed,
TB_SKETCHBOOK_2025_12_11_NEURO,TALLBEARD_MUSIC_LOOP_BUNDLE,music-loop-bundle-2025-q4,Sketchbook 2025-12-11_NEURO.ogg,6abdb4fbed3299eb2e0e2b412dfd4f21a1f7b92342db66ef1ef760e889bc353f,Sketchbook 2025-12-11_NEURO.ogg,2025-12-11 NEURO,Abstraction,Sketchbook,Electronic,2025,20.870,44100,2,1577879,music/curated/put together/1/Sketchbook 2025-12-11_NEURO.ogg,put together,TB_SKETCHBOOK_2025_12_11,Neuro,Component Only,Yes,,,Not Uploaded,,,,,,Unreviewed,
TB_SKETCHBOOK_2025_12_11_PIANO_BREAK,TALLBEARD_MUSIC_LOOP_BUNDLE,music-loop-bundle-2025-q4,Sketchbook 2025-12-11_PIANO BREAK.ogg,297a26ed480ff0c597dbdb6158d64705f2f4dc40688986a2580d47ba4839b63f,Sketchbook 2025-12-11_PIANO BREAK.ogg,2025-12-11 PIANO BREAK,Abstraction,Sketchbook,Electronic,2025,20.870,44100,2,1449442,music/curated/put together/1/Sketchbook 2025-12-11_PIANO BREAK.ogg,put together,TB_SKETCHBOOK_2025_12_11,Piano Break,Component Only,Yes,,,Not Uploaded,,,,,,Unreviewed,
TB_SKETCHBOOK_2025_12_11_VERSE,TALLBEARD_MUSIC_LOOP_BUNDLE,music-loop-bundle-2025-q4,Sketchbook 2025-12-11_VERSE.ogg,bd591023da07f8d2364ced3cde737eef2e89d50ea47511a1a954dfdcdb69bf48,Sketchbook 2025-12-11_VERSE.ogg,2025-12-11 VERSE,Abstraction,Sketchbook,Electronic,2025,20.870,44100,2,1577416,music/curated/put together/1/Sketchbook 2025-12-11_VERSE.ogg,put together,TB_SKETCHBOOK_2025_12_11,Verse,Component Only,Yes,,,Not Uploaded,,,,,,Unreviewed,
TB_SKETCHBOOK_2024_07_19_L01,TALLBEARD_MUSIC_LOOP_BUNDLE,music-loop-bundle-2024-q3,Sketchbook 2024-07-19_L01.ogg,4f9cb78cc335db7e98e6a012de6d38c6b1c5e811e6ec48383729a0f8cb5c782c,Sketchbook 2024-07-19_L01.ogg,2024-07-19_L01,Abstraction,Sketchbook,Doom Jazz,2024,59.077,44100,2,1327844,music/curated/put together/2/Sketchbook 2024-07-19_L01.ogg,put together,TB_SKETCHBOOK_2024_07_19,L01,Component Only,Yes,,,Not Uploaded,,,,,,Unreviewed,
TB_SKETCHBOOK_2024_07_19_L02,TALLBEARD_MUSIC_LOOP_BUNDLE,music-loop-bundle-2024-q3,Sketchbook 2024-07-19_L02.ogg,fbfe4c096c54638e33d65a586971b55e2a5bf1c32dec16a0f0e5630ed7bdf28a,Sketchbook 2024-07-19_L02.ogg,2024-07-19_L02,Abstraction,Sketchbook,Doom Jazz,2024,59.077,44100,2,1605978,music/curated/put together/2/Sketchbook 2024-07-19_L02.ogg,put together,TB_SKETCHBOOK_2024_07_19,L02,Component Only,Yes,,,Not Uploaded,,,,,,Unreviewed,
TB_SKETCHBOOK_2024_07_19_L03,TALLBEARD_MUSIC_LOOP_BUNDLE,music-loop-bundle-2024-q3,Sketchbook 2024-07-19_L03.ogg,c9365f2005da56df1e60268ecb2ef165562549f85f030befb58ca170280ed7f2,Sketchbook 2024-07-19_L03.ogg,2024-07-19_L03,Abstraction,Sketchbook,Doom Jazz,2024,59.077,44100,2,1924060,music/curated/put together/2/Sketchbook 2024-07-19_L03.ogg,put together,TB_SKETCHBOOK_2024_07_19,L03,Component Only,Yes,,,Not Uploaded,,,,,,Unreviewed,
TB_SKETCHBOOK_2024_07_19_L04,TALLBEARD_MUSIC_LOOP_BUNDLE,music-loop-bundle-2024-q3,Sketchbook 2024-07-19_L04.ogg,c1170187367a8615ee68cf8351617f3cdb6bdfd10e8277a2ffd3fc9b16ce4cfc,Sketchbook 2024-07-19_L04.ogg,2024-07-19_L04,Abstraction,Sketchbook,Doom Jazz,2024,59.077,44100,2,1966989,music/curated/put together/2/Sketchbook 2024-07-19_L04.ogg,put together,TB_SKETCHBOOK_2024_07_19,L04,Component Only,Yes,,,Not Uploaded,,,,,,Unreviewed,
TB_WEEK_5_SEVEN_REASONS_WHY_ARP,TALLBEARD_MUSIC_LOOP_BUNDLE,music-loop-bundle-2026-q1,Week 5 - Seven Reasons Why ARP.ogg,b7b9b0c36211cb0417d8ebc61bc7f6b5d1dbaacee2ca6b33770db4da0148dbb7,Week 5 - Seven Reasons Why ARP.ogg,Seven Reasons Why ARP,Abstraction,Sketchbook,Electronic,2026,28.000,44100,2,2948685,music/curated/put together/3/Week 5 - Seven Reasons Why ARP.ogg,put together,TB_SEVEN_REASONS_WHY,Arp,Component Only,Yes,,,Not Uploaded,,,,,,Unreviewed,
TB_WEEK_5_SEVEN_REASONS_WHY_MELODY,TALLBEARD_MUSIC_LOOP_BUNDLE,music-loop-bundle-2026-q1,Week 5 - Seven Reasons Why MELODY.ogg,b19efcb1a004f4232c9e1a18dd2c364de98a270383e875a087692586568bf28a,Week 5 - Seven Reasons Why MELODY.ogg,Seven Reasons Why MELODY,Abstraction,Sketchbook,Electronic,2026,28.000,44100,2,2900143,music/curated/put together/3/Week 5 - Seven Reasons Why MELODY.ogg,put together,TB_SEVEN_REASONS_WHY,Melody,Component Only,Yes,,,Not Uploaded,,,,,,Unreviewed,
TB_SKETCHBOOK_2024_04_24_01,TALLBEARD_MUSIC_LOOP_BUNDLE,music-loop-bundle-2024-q2,Sketchbook 2024-04-24_01.ogg,875b4368dc338807cbe10306196efaccb8bf4d0eeb7fcb8d33641e53fafc7d5d,Sketchbook 2024-04-24_01.ogg,2024-04-24_01,Abstraction,Sketchbook,Electronic,2024,72.000,44100,2,2501708,music/curated/science/Sketchbook 2024-04-24_01.ogg,science,,Standalone,Candidate,Yes,,,Not Uploaded,,,,,,Unreviewed,
TB_SKETCHBOOK_2024_09_22,TALLBEARD_MUSIC_LOOP_BUNDLE,music-loop-bundle-2024-q3,Sketchbook 2024-09-22.ogg,0d943ef3091520bc7e47ebaa54a4298e6e66eb5db5fa17a248b36394663f99a8,Sketchbook 2024-09-22.ogg,2024-09-22,Abstraction,Sketchbook,Chillout,2024,67.765,44100,2,2215684,music/curated/science/Sketchbook 2024-09-22.ogg,science,,Standalone,Candidate,Yes,,,Not Uploaded,,,,,,Unreviewed,
TB_SKETCHBOOK_2024_11_20,TALLBEARD_MUSIC_LOOP_BUNDLE,music-loop-bundle-2024-q4,Sketchbook 2024-11-20.ogg,9c3902f0c83e52027599266f3188260a617a380e7aad19b89469c38699f93d53,Sketchbook 2024-11-20.ogg,2024-11-20,Abstraction,Sketchbook,Chillout,2024,75.789,44100,2,2272430,music/curated/science/Sketchbook 2024-11-20.ogg,science,,Standalone,Candidate,Yes,,,Not Uploaded,,,,,,Unreviewed,
TB_SKETCHBOOK_2024_12_21,TALLBEARD_MUSIC_LOOP_BUNDLE,music-loop-bundle-2024-q4,Sketchbook 2024-12-21.ogg,42cf3ae7b75c585211eaf7e04648e5a6194076ebc682a1d450e310729ea32969,Sketchbook 2024-12-21.ogg,2024-12-21,Abstraction,Sketchbook,Electronic,2024,60.632,44100,2,2472171,music/curated/science/Sketchbook 2024-12-21.ogg,science,,Standalone,Candidate,Yes,,,Not Uploaded,,,,,,Unreviewed,
TB_SKETCHBOOK_2025_11_13,TALLBEARD_MUSIC_LOOP_BUNDLE,music-loop-bundle-2025-q4,Sketchbook 2025-11-13.ogg,7e3ba34ab16e66a83983f594f92bdb973e77242abd89092116dee05853da96ef,Sketchbook 2025-11-13.ogg,2025-11-13,Abstraction,Sketchbook,Electronic,2025,224.000,44100,2,13220068,music/curated/science/Sketchbook 2025-11-13.ogg,science,,Standalone,Candidate,Yes,,,Not Uploaded,,,,,,Unreviewed,
TB_SKETCHBOOK_2025_12_03,TALLBEARD_MUSIC_LOOP_BUNDLE,music-loop-bundle-2025-q4,Sketchbook 2025-12-03.ogg,bca2eb32185f4fe8d11e34b5be7df556e89f55bb23f323eff06d3f971b301a4c,Sketchbook 2025-12-03.ogg,2025-12-03,Abstraction,Sketchbook,Electronic,2025,44.022,44100,2,2731370,music/curated/science/Sketchbook 2025-12-03.ogg,science,,Standalone,Candidate,Yes,,,Not Uploaded,,,,,,Unreviewed,
TB_SKETCHBOOK_2024_07_03,TALLBEARD_MUSIC_LOOP_BUNDLE,music-loop-bundle-2024-q3,Sketchbook 2024-07-03.ogg,a764b9f8485763b4386fea73097e926ff1fdadbf3e15c4d17fd1fbb4c976000e,Sketchbook 2024-07-03.ogg,2024-07-03,Abstraction,Sketchbook,Chillout,2024,60.923,44100,2,2283400,music/curated/universal/Sketchbook 2024-07-03.ogg,universal,,Standalone,Candidate,Yes,,,Not Uploaded,,,,,,Unreviewed,
TB_SKETCHBOOK_2024_08_07,TALLBEARD_MUSIC_LOOP_BUNDLE,music-loop-bundle-2024-q3,Sketchbook 2024-08-07.ogg,f62db1552e9c8610abfd13963806b8141b7761ecc4c09c9cd36bae2ec3fa07d7,Sketchbook 2024-08-07.ogg,2024-08-07,Abstraction,Sketchbook,Liquid DnB,2024,56.471,44100,2,2163211,music/curated/universal/Sketchbook 2024-08-07.ogg,universal,,Standalone,Candidate,Yes,,,Not Uploaded,,,,,,Unreviewed,
TB_SKETCHBOOK_2024_11_29,TALLBEARD_MUSIC_LOOP_BUNDLE,music-loop-bundle-2024-q4,Sketchbook 2024-11-29.ogg,126bbec757640e9b6a55bef42d2e714926da40ecf714f82ca19ac1627bda2bfe,Sketchbook 2024-11-29.ogg,2024-11-29,Abstraction,Sketchbook,Dance,2024,52.800,44100,2,2055075,music/curated/universal/Sketchbook 2024-11-29.ogg,universal,,Standalone,Candidate,Yes,,,Not Uploaded,,,,,,Unreviewed,
TB_SKETCHBOOK_2024_12_04,TALLBEARD_MUSIC_LOOP_BUNDLE,music-loop-bundle-2024-q4,Sketchbook 2024-12-04.ogg,497c834634352b63099dbee321754de87cdbd08b931600ac793a2c676671b047,Sketchbook 2024-12-04.ogg,2024-12-04,Abstraction,Sketchbook,Chillout,2024,59.077,44100,2,1912594,music/curated/universal/Sketchbook 2024-12-04.ogg,universal,,Standalone,Candidate,Yes,,,Not Uploaded,,,,,,Unreviewed,
TB_SKETCHBOOK_2025_11_19,TALLBEARD_MUSIC_LOOP_BUNDLE,music-loop-bundle-2025-q4,Sketchbook 2025-11-19.ogg,66b2517776f2939f103f7e49fe4573f466ce911cfc086363c19b5ceb4eedc432,Sketchbook 2025-11-19.ogg,2025-11-19,Abstraction,Sketchbook,Electronic,2025,44.082,44100,2,2971556,music/curated/universal/Sketchbook 2025-11-19.ogg,universal,,Standalone,Candidate,Yes,,,Not Uploaded,,,,,,Unreviewed,
TB_WEEK_2_RUINED_LANDS_HOPE,TALLBEARD_MUSIC_LOOP_BUNDLE,music-loop-bundle-2026-q1,Week 2 - Ruined Lands HOPE.ogg,c9c9970d75fb61101b12ac65be3367dcb382341564620cfd17ff91023721f5a5,Week 2 - Ruined Lands HOPE.ogg,Ruined Lands HOPE,Abstraction,Sketchbook,Electronic,2026,36.000,44100,2,3198527,music/curated/universal/Week 2 - Ruined Lands HOPE.ogg,universal,,Standalone,Candidate,Yes,,,Not Uploaded,,,,,,Unreviewed,
